Package and pricing for Features and services,,,
Bundle Offers Names:,,,
🌱 Tech Swaraj Pack – ₹89 | Free Udyami Certificate | Lucknow - 1505001,,,
SEO Name: Swaraj Tech Pack @ ₹89 | Kirana Digital Store Setup Lucknow,,,
🚀 Kick-Start Pack – ₹499 | Free Udyami Certificate | Lucknow - 1505002,,,
SEO Name: Prarambh Kick-Start Pack @ ₹499 | MSME Digital Launch with SEO & WhatsApp,,,
🏪 Vyapari Udaan Pack – ₹889 | Free Udyami Certificate | Lucknow- 1505003,,,
SEO Name: Udaan Vyapari Pack @ ₹889 | Online Store + SEO for Shops & Startups,,,
📈 Growth Pro Pack – ₹1599 | Free Udyami Certificate | Lucknow - 1505004,,,
SEO Name: Vikas Growth Pro Pack @ ₹1599 | Website + SEO + Social Media for MSMEs,,,
📱 Social Booster Pack – ₹999/month | Best Social Media Marketing Lucknow - 1505005,,,
SEO Name: Samajik Booster Pack @ ₹999/month | Social Media Management for Local Businesses,,,
💎 Digital Dominator Pack – ₹1399/month| Free Udyami Certificate | Lucknow - 1505006,,,
"SEO Name: Prabhav Dominator Pack @ ₹1399/month | Social Media, Ads & Influencers",,,
⚡ Tez Raftar Booster – ₹1899/month| Free Udyami Certificate | Lucknow - 1505007,,,
SEO Name: Raftar Booster Pack @ ₹1899/month | Advanced SEO & WhatsApp Automation,,,
,,,
,,,
Strategy for Extra-Lite Catalog Builder,,,
,,,
All Bio Link - https://sudarshan-ai-labs.my.canva.site/colorful-simple-profile-link-bio-instagram-story,,,
This Bio Link has 5 links attached { In which 2-3 can redirect to Catalog and other to contact},,,
,,,
Catalog Linked in above BIO - https://sudarshan-ai-labs.my.canva.site/msme-store-catalog-2025,,,
Catalog is Deployed here with Price card & Top features. The CTA is Linked with Whatsapp Catalog Items. The user can land directly in whatsapp and proceed for sales.,,,
,,,
,,,
,,,
,,,
,,,
,,,
PACKAGE 1,,,
🌱 Online Growth Swaraj Pack – ₹89 | Free Udyam Certificate | Lucknow,,,
,,,
🛍️ Launch Your Digital Store in Just Minutes – No Coding Needed,,,
"Welcome to Bharat’s most affordable small business Growth Platform, built exclusively for Kirana stores, grocery shops, local businesses, and MSMEs in Lucknow. Perfect for shopkeepers who want to sell online, increase footfall, and boost sales without paying commissions.",,,
,,,
🚀 Key Benefits:,,,
"👉 Digitize Your Shop in 24 Hrs – Get your online store with product listings, prices & offers.",,,
👉 Boost Daily Sales – Use AI-powered tools to attract nearby customers & repeat buyers.,,,
👉 Be Found in “Near Me” Searches – Local SEO optimized for Google Search & Google Maps.,,,
👉 Zero Commission. 100% Profit – Keep every rupee you earn.,,,
,,,
💡 Why Choose Tech Swaraj?,,,
✅ Free Online Store Setup – Mobile-friendly & easy to manage,,,
"✅ WhatsApp + Google Business Integration – Share your store link, get direct chat orders",,,
✅ Lucknow-First Focus – Optimized to grow local reach & trust,,,
"✅ 24×7 Store Access – Customers can shop anytime, anywhere",,,
,,,
📞 Contact Sudarshan AI Labs today to get started & join the Digital India Kirana Revolution.,,,
,,,
🎁 All Tech Swaraj Pack Include:,,,
,,,
FREE MSME/Udyam Registration Support – Get your official business recognition.,,,
,,,
Tailored Digital Action Steps – Step-by-step plan to dominate your local market.,,,
,,,
Local SEO Integration & Market Insights – Appear in “near me” searches on Google & Maps.,,,
,,,
Google My Business Setup & Optimization – Improve online credibility & foot traffic.,,,
,,,
WhatsApp Catalog Setup – Showcase products directly in chat for quick conversions.,,,
,,,
Additional Info Title 1: What’s Included,,,
"Description: Online store setup (up to 30 products), mobile-friendly design, WhatsApp integration, Google Business linking, basic local SEO, ₹89 one-time setup, 24-hr delivery.",,,
,,,
Additional Info Title 2: Delivery Time,,,
Description: Store goes live within 24 hours of receiving your details.,,,
,,,
Additional Info Title 3: Requirements,,,
"Description: Business name, product list with prices, contact details, and store logo or images (optional).",,,
,,,
Additional Info Title 4: Support & SLA,,,
"Description: Priority support via WhatsApp & email, 9 AM–7 PM IST; first response within 24 hours.",,,
,,,
Additional Info Title 5: Refunds & Revisions,,,
Description: Digital service; eligible for revisions as per agreed scope. Cancellations allowed only before setup begins.,,,
,,,
Additional Info Title 6: Billing & Taxes,,,
"Description: Price includes all taxes. GST invoice provided. Service designed for Lucknow-first rollout, available Pan-India.",,,
,,,
PACKAGE 2,,,
🚀 Kick-Start Pack – ₹499 | Digital Launch Kit for First-Time Sellers & MSMEs,,,
,,,
"Perfect for micro businesses, new MSMEs, and first-time digital sellers who want to quickly launch their online presence with minimal cost. This pack combines consultation, landing page setup, WhatsApp integration, and social media essentials to give your brand a professional start.",,,
,,,
🛠️ What’s Included:,,,
,,,
30-min Expert Growth Call – Personalized digital roadmap for your business.,,,
,,,
FREE SEO Snapshot & Audit Report – Site audit + actionable SEO updates at no extra cost.,,,
,,,
High-Converting 1-Section Landing Page (Template) – Designed to capture leads & boost credibility.,,,
,,,
Basic WhatsApp Business Setup – Includes auto-replies + product catalog setup for instant engagement.,,,
,,,
3 Branded Social Media Posts – Professionally designed creatives for your business launch.,,,
,,,
🎁 All Kick-Start Packs Also Include:,,,
,,,
FREE MSME/Udyam Registration Support – Get official recognition.,,,
,,,
Tailored Digital Action Steps – Customized strategy to dominate your local market.,,,
,,,
Local SEO Integration & Market Insights – Rank in “near me” searches.,,,
,,,
Google My Business Setup & Optimization – Appear in Maps & build trust.,,,
,,,
WhatsApp Catalog Setup – Shareable product showcase in chat.,,,
,,,
Access to Premium Growth Guides & Resources – Learn how to scale effectively.,,,
,,,
"💡 Ideal For: Micro sellers, Kirana shops, startups & local businesses in Lucknow and across India who want a professional online start with website, SEO & WhatsApp presence—at the lowest cost.",,,
,,,
Additional Info Title 1: What’s Included,,,
"Description: 30-min expert growth consultation, Hindi CRM integration & training, SEO audit & optimization snapshot, high-converting single-section landing page, basic WhatsApp Business setup, 3 professional social media posts, 1 SEO-optimized article with DA 80+ backlink, content marketing strategy guide.",,,
,,,
Additional Info Title 2: All Plans Include,,,
"Description: FREE MSME/Udyam registration support, tailored digital action steps, local SEO integration & market insights, Google My Business setup & optimization, WhatsApp catalog setup, access to premium growth guides & resources.",,,
,,,
Additional Info Title 3: Delivery Time,,,
Description: All deliverables provided within 24–48 hours of receiving required details.,,,
,,,
Additional Info Title 4: Requirements,,,
"Description: Business name, WhatsApp contact, logo or product images (optional), brief description of products/services, preferred language for CRM setup.",,,
,,,
Additional Info Title 5: Support & SLA,,,
"Description: Priority WhatsApp & email support, 9 AM–7 PM IST, first response within 24 hours; revisions as per agreed scope.",,,
,,,
Additional Info Title 6: Billing & Taxes,,,
Description: Price includes all taxes; GST invoice available; Lucknow-first focus with Pan-India remote delivery.,,,
,,,
,,,
PACKAGE 3,,,
🏪 Vyapari Udaan Pack – ₹889 | Online Store and SEO for Shops & Startups,,,
,,,
"Designed for Kirana stores, MSMEs, and startups who want a complete online presence and faster sales growth. This pack upgrades your business with a fully functional online store, professional marketing assets, and proven tools to attract, convert, and retain customers.",,,
,,,
What You Get:,,,
,,,
Everything in the Kick-Start Pack – All benefits from our ₹499 package.,,,
,,,
"Full Online Store Setup (Catalog Ready) – Mobile-friendly, SEO-optimized store with product categories and payment integration.",,,
,,,
10 Additional Product Uploads – Professionally formatted listings with images & pricing.,,,
,,,
"8 Premium Social Media Posts – Branded, engaging visuals to boost visibility and trust.",,,
,,,
Email & WhatsApp Lead Capture Forms – Collect customer inquiries directly into your CRM.,,,
,,,
2 SEO-Optimized Articles (High DA) – Build search authority and improve Google rankings.,,,
,,,
Personalized 30-min Store Growth Call – One-on-one session to plan your next revenue milestones.,,,
,,,
"Comprehensive SEO Audit & PDF Report – Identify gaps, keyword opportunities, and competitor insights.",,,
,,,
🎁 All Vyapari Udaan Packs Include:,,,
,,,
FREE MSME/Udyam Registration Support – Get your official business recognition.,,,
,,,
Tailored Digital Action Steps – Step-by-step plan to dominate your local market.,,,
,,,
Local SEO Integration & Market Insights – Appear in “near me” searches on Google & Maps.,,,
,,,
Google My Business Setup & Optimization – Improve online credibility & foot traffic.,,,
,,,
WhatsApp Catalog Setup – Showcase products directly in chat for quick conversions.,,,
,,,
Access to Premium Growth Guides & Resources – Keep scaling with expert material.,,,
,,,
"💡 Ideal For: Shopkeepers, small retailers, and startups in Lucknow and across India aiming for professional branding, local market visibility, and increased sales without paying commissions.",,,
,,,
Additional Info Title 1: What’s Included,,,
"Description: All Kick-Start Pack benefits plus full online store setup (catalog ready), 10 additional product uploads, 8 premium social media posts, email & WhatsApp lead capture forms, 2 SEO-optimized articles (high DA backlinks), personalized 30-min store growth call, and a comprehensive SEO audit with PDF report.",,,
,,,
Additional Info Title 2: All Plans Include,,,
"Description: FREE MSME/Udyam registration support, tailored digital action steps, local SEO optimization for “near me” searches, Google My Business setup, WhatsApp catalog integration, premium growth resources access.",,,
,,,
Additional Info Title 3: Delivery Time,,,
Description: Complete setup & deliverables within 24–72 hours.,,,
,,,
Additional Info Title 4: Requirements,,,
"Description: Business name, WhatsApp contact, product list with prices, store logo or images, preferred language for CRM.",,,
,,,
Additional Info Title 5: Support & SLA,,,
"Description: WhatsApp & email support, 9 AM–7 PM IST, first response in 24 hrs; scope-based revisions included.",,,
,,,
Additional Info Title 6: Billing & Taxes,,,
Description: Price includes all taxes; GST invoice available; Lucknow-first focus with Pan-India delivery.,,,
,,,
PACKAGE 4,,,
,,,
📱 Social Booster Pack – ₹999/month | Complete Social Media Management for MSMEs & Local Businesses,,,
,,,
"The perfect plan for MSMEs, Kirana shops, startups, and local businesses who want consistent social media growth, strong SEO impact, and more customer engagement without hiring a full-time team.",,,
,,,
What You Get:,,,
,,,
12 Professional Social Media Posts – High-quality branded creatives designed to attract and engage.,,,
,,,
20 Animated Stories – Daily story content to keep your business visible on Instagram & Facebook.,,,
,,,
"4 High-Impact Reels – Short, trending video content for maximum reach and visibility.",,,
,,,
Hashtag Optimization & Captions Writing – SEO-rich hashtags + catchy captions to boost discovery.,,,
,,,
30-Day Content Calendar – Pre-planned publishing schedule for the entire month.,,,
,,,
Group Promotion (2 per week) – Strategic sharing in business & local community groups to expand reach.,,,
,,,
2 SEO-Optimized Blogs with Backlinks – Build Google ranking authority and drive organic traffic.,,,
,,,
"Multi-Platform Account Optimization – Meta (FB, Insta), LinkedIn, Pinterest, Tumblr, Medium & X fully branded and optimized.",,,
,,,
Posting & Scheduling Included – Automated publishing across platforms.,,,
,,,
"Weekly Reports – Clear insights on engagement, reach, leads, and growth.",,,
,,,
Weekly Meeting – Dedicated strategy session to review progress & adjust campaigns.,,,
,,,
🎁 All Social Booster Packs Also Include:,,,
,,,
FREE MSME/Udyam Registration Support – Get your business officially recognized.,,,
,,,
Tailored Digital Action Steps – Customized roadmap for digital growth.,,,
,,,
Local SEO Integration & Market Insights – Rank in “near me” searches on Google & Maps.,,,
,,,
Google My Business Setup & Optimization – Improve local visibility & credibility.,,,
,,,
WhatsApp Catalog Setup – Showcase products in chat for instant orders.,,,
,,,
Access to Premium Growth Guides & Resources – Learn proven strategies for ongoing success.,,,
,,,
"💡 Ideal For: Businesses in Lucknow and across India who want steady online visibility, more followers, and increased customer trust with a fully managed monthly plan.",,,
,,,
Additional Info Title 1: What’s Included,,,
"Description: 12 professional social posts, 30 animated stories, 4 reels, 2 SEO blogs with backlinks, hashtag optimization, captions writing, group promotion (2/week), 30-day content calendar, posting & scheduling, account optimization (FB, Insta, LinkedIn, Pinterest, Tumblr, Medium, X), weekly reports & meetings.",,,
,,,
Additional Info Title 2: Delivery Time,,,
Description: Monthly calendar delivered in advance; posts/stories/reels scheduled & published weekly.,,,
,,,
Additional Info Title 3: Requirements,,,
"Description: Business name, social media handles, brand guidelines, logo, and product/service updates.",,,
,,,
Additional Info Title 4: Support & SLA,,,
Description: WhatsApp/email support; weekly strategy meetings; transparent weekly reports.,,,
,,,
Additional Info Title 5: Billing & Taxes,,,
Description: Price includes all taxes; billed monthly; GST invoice provided.,,,
,,,
Additional Info Title 6: Ideal For,,,
"Description: MSMEs, Kirana shops, startups & service providers wanting consistent social presence, steady follower growth, and SEO impact without heavy cost.",,,
,,,
,,,
,,,
PACKAGE 5,,,
💎 Digital Dominator Pack – ₹1399/month | Best-Selling Social Media Growth & Sales Accelerator,,,
,,,
"Our most powerful plan for MSMEs, startups, and ambitious local brands that want to dominate social media, grow followers fast, and drive consistent sales. Packed with advanced features, influencer reach, ad campaigns, and brand design upgrades – this plan is your ticket to serious digital dominance.",,,
,,,
What You Get (Expanded & Improved):,,,
,,,
20 Social Media Posts – 10 standard + 10 animated posts for creative variety and stronger engagement.,,,
,,,
4 High-Impact Reels – Trending audio + visual storytelling to boost organic reach.,,,
,,,
"Full Bio Optimization – Keyword-rich, professional profile bio on all platforms.",,,
,,,
Universal Link Building – One-click smart link hub to connect all your platforms & offers.,,,
,,,
"Google My Business Audit & Fixes – Review, optimize, and improve your GMB profile for higher local ranking.",,,
,,,
Hashtag Research + Caption Writing – Targeted hashtags + engaging captions to maximize discovery.,,,
,,,
"Posting & Scheduling – Automated, hassle-free publishing across platforms.",,,
,,,
Facebook Cover Image Design – Professional cover graphics aligned with your brand identity.,,,
,,,
Group Promotions – Weekly targeted sharing in local & business groups to grow organic reach.,,,
,,,
"Client Portal Access – Track progress, campaigns, and analytics in one place.",,,
,,,
Local Ads Campaigns – Target nearby customers with geo-focused ads.,,,
,,,
"Engagement Ads – Boost likes, comments, and shares to build social proof.",,,
,,,
Reel Ads + Like Ads – Paid promotion of reels and engagement-focused ads for rapid visibility.,,,
,,,
Influencer Shoutouts – Monthly micro-influencer promotion for extended audience reach.,,,
,,,
Brand Redesigns (Logo/Menu) – Professional refresh of your branding assets for modern appeal.,,,
,,,
Story Highlight Design – Custom-designed Instagram highlight covers to make your profile stand out.,,,
,,,
🎁 All Digital Dominator Packs Also Include:,,,
,,,
FREE MSME/Udyam Registration Support – Get official recognition for your business.,,,
,,,
Tailored Digital Action Steps – Personalized growth roadmap to scale effectively.,,,
,,,
Local SEO Integration & Market Insights – Appear in “near me” searches and boost local visibility.,,,
,,,
Google My Business Setup & Optimization – Build trust & drive more footfall.,,,
,,,
WhatsApp Catalog Setup – Enable chat-based product discovery and instant sales.,,,
,,,
Access to Premium Growth Guides & Resources – Ongoing strategies to keep you ahead.,,,
,,,
"💡 Ideal For: Businesses that want daily buzz, rapid audience growth, influencer exposure, and professional brand upgrades – while converting social media followers into paying customers.",,,
,,,
Additional Info Title 1: What’s Included,,,
"Description: 20 social posts (10 static + 10 animated), 4 reels, bio optimization, universal link hub, Google My Business audit & fixes, hashtag research + captions, posting & scheduling, FB cover design, group promotions, client portal, local ads, engagement ads, reel ads, like ads, influencer shoutouts, logo/menu redesign, custom story highlight covers, plus 3 SEO blogs with backlinks.",,,
,,,
Additional Info Title 2: Delivery Time,,,
Description: Content posted weekly; ads & influencer campaigns launched within 3–5 days of approval; monthly insights reports provided.,,,
,,,
Additional Info Title 3: Requirements,,,
"Description: Social handles, branding assets (logo/menu), business goals, target market details, ad budget approvals.",,,
,,,
Additional Info Title 4: Support & SLA,,,
Description: Priority WhatsApp & email support; weekly engagement checks; monthly strategy review sessions.,,,
,,,
Additional Info Title 5: Billing & Taxes,,,
Description: Subscription billed monthly; all taxes included; GST invoice available.,,,
,,,
Additional Info Title 6: Ideal For,,,
"Description: Growing MSMEs, startups & brands wanting daily buzz, advanced ads, influencer reach, and professional brand redesigns to dominate social media & sales.",,,
,,,
,,,
PACKAGE 6,,,
📈 Growth Pro Pack – ₹1599 | Advanced Digital Setup for Serious Business Growth,,,
,,,
"Built for growing MSMEs, service providers, and retailers ready to establish a strong online presence and capture more customers. This pack delivers a professional website, powerful marketing tools, and data-driven insights to help you scale fast.",,,
,,,
What You Get:,,,
,,,
"Professional 5-page Website (Fast & Mobile-Optimized) – Modern, responsive, and SEO-ready design to showcase your brand and products/services.",,,
,,,
"10 SEO-Optimized Blogs – Keyword-rich, high-quality articles to rank higher on Google and drive organic traffic.",,,
,,,
Social Media Essentials (8 Posts + Basic Ads) – Branded content plus ad setup to boost engagement and leads.,,,
,,,
Basic Chatbot Setup (FAQs & Lead Capture) – Automated assistant to answer queries and collect customer details 24/7.,,,
,,,
"Monthly Performance Insights & Reporting – Detailed metrics on reach, engagement, leads, and conversions.",,,
,,,
Complete SEO Audit & Action Plan – In-depth analysis with clear steps to improve your search visibility and website health.,,,
,,,
🎁 All Growth Pro Packs Include:,,,
,,,
FREE MSME/Udyam Registration Support – Official business recognition assistance.,,,
,,,
Tailored Digital Action Steps – Personalized strategy for market expansion.,,,
,,,
Local SEO Integration & Market Insights – Rank in “near me” searches and attract local customers.,,,
,,,
Google My Business Setup & Optimization – Boost credibility and discoverability.,,,
,,,
WhatsApp Catalog Setup – Showcase and sell products directly via chat.,,,
,,,
Access to Premium Growth Guides & Resources – Stay ahead with expert insights.,,,
,,,
"💡 Ideal For: Businesses that want a professional brand presence, consistent lead generation, and measurable growth in competitive markets like Lucknow and beyond.",,,
,,,
Additional Info Title 1: What’s Included,,,
"Description: Professional 5-page website (fast & mobile-optimized), 10 SEO-optimized blogs, social media essentials (8 posts + basic ads), basic chatbot setup for FAQs & lead capture, monthly performance insights, complete SEO audit & action plan.",,,
,,,
Additional Info Title 2: All Plans Include,,,
"Description: MSME/Udyam registration support, tailored growth steps, local SEO & market insights, GMB optimization, WhatsApp catalog setup, premium strategy resources.",,,
,,,
Additional Info Title 3: Delivery Time,,,
"Description: Website & deliverables in 5–7 days, insights & reports monthly.",,,
,,,
Additional Info Title 4: Requirements,,,
"Description: Brand name, content, product/service details, target market info, business images or videos.",,,
,,,
Additional Info Title 5: Support & SLA,,,
"Description: Monthly support via WhatsApp/email, updates within agreed schedule, SLA-based revisions.",,,
,,,
Additional Info Title 6: Billing & Taxes,,,
Description: Price all-inclusive; GST invoice; Lucknow-first with Pan-India coverage.,,,
,,,
PACKAGE 7,,,
"⚡ Tez Raftar Booster – ₹1899/month | Accelerated Growth, SEO, Website & WhatsApp Automation",,,
,,,
"Our premium growth & automation package for MSMEs, e-commerce stores, service providers, and startups that want professional websites, SEO dominance, and AI-driven WhatsApp automation. Built for brands ready to scale fast and work smarter.",,,
,,,
🛠️ What’s Included?,,,
,,,
"✔ Everything from Growth Pro Pack – Blogs, SEO, content & marketing essentials.",,,
"✔ 3-Page Professional Website – Mobile-optimized, fast-loading site designed to showcase services/products.",,,
✔ Advanced SEO Strategy (15 Keywords) – Targeted optimization for high Google rankings.,,,
"✔ WhatsApp Bot Pro with Automation – AI-powered chatbot for orders, payments & customer queries.",,,
✔ WhatsApp Business Account Setup – Assistance with official verification.,,,
✔ Smart Chatbot Integration – AI or rule-based bots for FAQs & instant support.,,,
✔ Auto-Reply Rules – Automated responses to common customer queries.,,,
"✔ Product Catalog Setup – Showcase products with prices, images & order links.",,,
✔ Quick Reply Templates – Save time on repetitive replies.,,,
✔ Broadcast List Setup – Bulk promotions for opted-in customers.,,,
"✔ Basic Analytics Dashboard – Track message trends, engagement & response rates.",,,
"✔ Excel Automation Dashboard – Monitor sales, SEO & social media KPIs.",,,
✔ Quarterly Brand Video Promotion – Professionally produced video to boost visibility.,,,
✔ Priority Email Support & Monthly Strategy Sessions – Regular reviews to refine growth strategy.,,,
,,,
💼 Perfect For:,,,
,,,
"E-commerce Stores – Product catalogs, order updates, automated replies.",,,
,,,
"Service Businesses – Appointment booking, quotation handling.",,,
,,,
"Local Shops & Kirana Stores – Digital promotions, inventory updates, WhatsApp sales.",,,
,,,
Startups – Fast scaling with automation & professional web presence.,,,
,,,
🎁 All Tez Raftar Booster Packs Include:,,,
,,,
FREE MSME/Udyam Registration Support.,,,
,,,
Tailored Digital Action Steps for growth.,,,
,,,
Local SEO & “Near Me” Ranking Boost.,,,
,,,
Google My Business Setup & Audit.,,,
,,,
WhatsApp Catalog Integration.,,,
,,,
Access to Premium Growth Guides & Resources.,,,
,,,
"💡 Ideal For: Businesses that want a professional website, SEO visibility, and advanced WhatsApp automation to accelerate revenue in Lucknow & across India.",,,
,,,
,,,
Additional Info Title 1: What’s Included,,,
"Description: 3-page professional website (mobile-optimized), advanced SEO strategy (15 keywords), WhatsApp Bot Pro with automation, WhatsApp Business account setup, AI/rule-based chatbot integration, auto-reply rules, product catalog setup, quick reply templates, broadcast lists, basic analytics, Excel automation dashboard, 1 quarterly brand video promotion, priority email support & monthly strategy sessions, plus everything in Growth Pro Pack (blogs, social, marketing essentials).",,,
,,,
Additional Info Title 2: Delivery Time,,,
Description: Website delivered in 5–7 days; WhatsApp setup & SEO automation within 7–10 days; brand video quarterly.,,,
,,,
Additional Info Title 3: Requirements,,,
"Description: Business name, domain/hosting details (if available), branding assets (logo/menu), social handles, product/service data, WhatsApp Business number, target keywords.",,,
,,,
Additional Info Title 4: Support & SLA,,,
Description: Priority WhatsApp & email support; monthly strategy calls; SLA-based response (first reply within 24 hrs).,,,
,,,
Additional Info Title 5: Billing & Taxes,,,
Description: Monthly subscription; price includes all taxes; GST invoice available.,,,
,,,
Additional Info Title 6: Ideal For,,,
"Description: MSMEs, e-commerce stores, service businesses, startups & Kirana shops in Lucknow and across India seeking a professional website, top SEO rankings, and WhatsApp automation to accelerate growth.",,,
,,,
🚀 Sudarshan AI Labs – Premium Digital Solutions,,,
,,,
"Unlock Your Business Potential with Affordable, High-Impact Digital Marketing & Tech Solutions",,,
,,,
,,,
🌟 Customized Individual Services,,,
Service,Starting Price,Core Benefits,Item Code
"All Bio Link+GMB profile(verified)
(5 Links)",₹229,Share your personal/business digital card with anyone via link or qr. Add upto 8 links. Also add business on google my business verified merchant,2505100
Full Custom Website (5 pages),₹3500,"Unique design, Mobile-friendly, Fast loading",2505009
Landing Pages (Lead Generation),₹699,"High conversion, WhatsApp integration",2505008
Social Media Marketing,₹999/month,"Targeted Posts, Ads Setup, Analytics",
SEO & Content Boost,₹599/month,"Targeted Keywords, Blogs, High DA backlinks",2505007
WhatsApp Business Bot,"₹129 (Basic), ₹599 (Pro)","Automate replies, Payment Integration",2505001
Research & Article Writing,₹499,"Professional Writing, DA 80+ backlinks",2505002
Resume Writing,₹99,Professionally crafted resumes,2505005
AI Chatbot & Assistant,₹499,"Multilingual, Web & Social integration",2505006
Excel & Sheets Automation,₹1999,Customized Dashboards & Trackers,2505004
SaaS & AI Tool Development,₹2999,Quick-launch MVP Prototyping,2505003
Business Growth Consultation,₹499,"Personalized Strategies, Free SEO Audit",2505000
,,,
,,,
Full Custom Website (5 pages) @ ₹3500,,,
,,,
"Unique design, Mobile-friendly, Fast loading",,,
( Domain & Hosting extra),,,
,,,
,,,
SEO & Content Boost @ ₹599/month,,,
"GMB profile Optimise , Get found on Google , Add Call-to-action buttons , Listing on Map",,,
,,,
All Bio Link+GMB profile(verified) (5 Links) @ ₹229,,,
Share your personal/business digital card with anyone via link or qr. Add upto 8 links. Also add business on google my business verified merchant,,,
,,,
Landing Pages (Lead Generation) @ ₹699,,,
"High conversion, WhatsApp integration inbuilt , shared domain",,,
,,,
,,,
,,,
A-la carte services,,,
,,,
,,,
Service Name,Updated Price (₹),Enhanced Description (SEO + Conversion Optimized),
Bio Link + Google My Business (Verified),₹229,"Create a shareable digital visiting card with QR & link. Add up to 5 links + get verified on Google My Business. Boost online visibility & trust instantly. (Keywords: digital business card India, GMB verification, bio link tool)",
Custom Business Website (5 Pages),"₹3,499","Mobile-first, SEO-friendly website design with 5 pages. Includes contact form, SSL, & analytics. Ideal for startups & small businesses in India. (Keywords: affordable web design India, business website package)",
Landing Page (Lead Generation),₹699,High-conversion landing pages optimized for WhatsApp & ad campaigns. Capture leads & grow sales fast. (Keywords: lead generation landing page India),
Social Media Marketing (SMM),₹999/month,"Facebook, Instagram & LinkedIn campaigns. Content creation, ad setup, and performance tracking. (Keywords: social media marketing Lucknow, SMM agency India)",
SEO & Content Boost,₹599/month,"Rank higher with keyword research, blog writing, and backlinks from high DA sites. (Keywords: SEO services India, affordable SEO)",
WhatsApp Business Bot,"₹129 (Basic), ₹599 (Pro)","Smart WhatsApp automation for replies, leads & payments. Works with all Indian payment gateways. (Keywords: WhatsApp chatbot India, WhatsApp automation tool)",
Research & Article Writing,₹499,"Expert-written blogs/articles with DA 80+ backlinks. Perfect for SEO growth. (Keywords: content writing service India, guest posting)",
Resume Writing Service,₹99,Professionally crafted resume optimized for ATS & LinkedIn. (Keywords: professional resume writer India),
AI Chatbot & Virtual Assistant,₹499,"Custom multilingual AI chatbot integrated with website & WhatsApp. (Keywords: AI chatbot India, virtual assistant automation)",
Excel & Google Sheets Automation,"₹1,999","Smart dashboards, financial tracking, and workflow automation. (Keywords: Excel automation India, business dashboard)",
SaaS & AI Tool Development (MVP),"₹2,999","Rapid MVP prototyping using no-code/low-code tools. Ideal for startup founders. (Keywords: SaaS development India, MVP builder)",
Business Growth Consultation,₹499,"1:1 growth session with SEO audit & strategy roadmap for Indian startups. (Keywords: startup consultant India, business growth strategy)",
,,,
,,,
,,,
,,,
Service,GMB One-Liner (SEO Optimized),,
Bio Link + GMB Verified Profile,Create your professional digital business card with QR code and Google My Business verification. Perfect for freelancers and local businesses in Lucknow to build trust and visibility online. Share easily on WhatsApp or social media.,,
Custom Business Website (5 Pages),"Get a mobile-friendly, SEO-optimized website designed for speed, style, and sales. Ideal for startups and MSMEs in India. Includes SSL, contact form, and analytics for maximum online growth.",,
Landing Page (Lead Generation),"Generate leads fast with our high-converting landing pages integrated with WhatsApp & Google Ads. Perfect for campaigns, product launches, and local marketing promotions.",,
Social Media Marketing (SMM),"Grow your brand on Facebook, Instagram, and LinkedIn. We create targeted ads, engaging posts, and provide full analytics. Affordable SMM services for small businesses in Lucknow & across India.",,
SEO & Content Boost,"Rank higher on Google with powerful SEO, keyword optimization, blog content, and high DA backlinks. Best for startups and local businesses wanting organic growth.",,
WhatsApp Business Bot,"Automate WhatsApp chats, payments, and lead replies with our AI-powered chatbot. Save time and boost conversions 24/7. Ideal for shops, agencies, and service providers.",,
Research & Article Writing,Get high-quality SEO blogs and articles with backlinks from DA 80+ sites. Trusted by Indian startups for content that ranks and converts.,,
Resume Writing,"Professionally crafted, ATS-friendly resumes that help you stand out. Ideal for freshers and professionals looking to grow their careers fast.",,
AI Chatbot & Virtual Assistant,Add a multilingual AI chatbot to your website or WhatsApp. Automate customer support and lead generation with ease.,,
Excel & Google Sheets Automation,"Smart dashboards, sales tracking, and automation built in Excel/Sheets for your business. Simplify operations and decision-making.",,
SaaS & AI Tool Development (MVP),"We help founders build SaaS or AI tools quickly with no-code/low-code MVPs. Fast launch, low cost, and full scalability.",,
Business Growth Consultation,Get 1:1 strategy consultation with a free SEO audit. Personalized roadmap to scale your business in India from local to national level.,,